code	name
AR	Arabic
AZ	Azerbaijani
BE	Belarusian
BN	Bengali
BS	Bosnian
BG	Bulgarian
CA	Catalan
ZH	Chinese
CS	Czech
CY	Welsh
DA	Danish
DE	German
DZ	Dzongkha
EL	Greek
EN	English
ES	Spanish
ET	Estonian
EU	Basque
FA	Persian
FI	Finnish
FO	Faroese
FR	French
GA	Irish
GL	Galician
HE	Hebrew
HI	Hindi
HR	Croatian
HU	Hungarian
HY	Armenian
ID	Indonesian
IS	Icelandic
IT	Italian
JA	Japanese
KA	Georgian
KL	Kalaallisut
KY	Kirghiz
KZ	Kazakh
KM	Khmer
KO	Korean
LO	Lao
LT	Lithuanian
LV	Latvian
MK	Makedonian
MN	Mongolian
MS	Malay
MT	Maltese
MY	Burmese
NE	Nepali
NL	Dutch
NO	Norwegian
PS	Pashto
TL	Tagalog
PL	Polish
PT	Portuguese
RO	Romanian
RM	Romansh
RU	Russian
SK	Slovak
SL	Slovenian
SQ	Albanian
SR	Serbian
SV	Swedish
SW	Swahili
TE	Telugu
TG	Tajik
TH	Thai
TK	Turkmen
TR	Turkish
UK	Ukrainian
UZ	Uzbek
VN	Vietnamese
